	cs	pcr	sj	wc
cs		0.103262	0.0600363	0.0617105
pcr			0.0822515	0.081461
sj				0.0533755
